,NEWS_HEADER,LABEL
0,"Ahora resulta que no puedes utilizar la palabra ""frappuccino"" porque le pertenece a Starbucks üòü",0
1,"Previo a la celebraci√≥n del d√≠a del Maestro en la sede de la SEP, la jefa de Gobierno, _USER_ el secretario de Gobernaci√≥n, _USER_ y la secretaria de Seguridad, _USER_ caminando por la calle de Brasil.",0
2,"""Estamos muy contentos con esta gran obra del presidente"", dijo Claudia Sheinbaum al llegar a Tabasco. ""En la 4T no desperdiciamos dinero en bardas o estelas de luz""",1
3,"Por lo menos 250 participantes, entre bomberos y ciudadanos, participaron en la carrera vertical en la Torre Reforma en donde tuvieron que correr 53 pisos.",0
4,El presidente L√≥pez Obrador amag√≥ con exhibir a las cadenas comerciales si incumplen con el Paquete contra la Inflaci√≥n y Carest√≠a. üëá,1
5,"_HASHTAG_ columna de _USER_ ¬øY el acuerdo contra la carest√≠a? | Mucho discurso, mucho ""apoyo"" y ""disposici√≥n"", pero lejos est√° la IP de cumplir con lo que se ""comprometi√≥"" en el acuerdo contra la _HASHTAG_ y la carest√≠a que _HASHTAG_ dio a conocer.",0
6,"Se condonar√° impuesto predial por dos a√±os a quienes paguen 2022. La medida, para apoyar estrategia presidencial. Anuncia la mandataria _USER_ jornadas del bienestar para llevar alimentos y servicios a zonas marginadas.",1
7,"_HASHTAG_ Astr√≥nomos revelaron la primera imagen del agujero negro supermasivo en el centro de la V√≠a L√°ctea, utilizando observaciones de una red mundial de radiotelescopios.",0
8,"Representantes de m√°s de 30 colegios, asociaciones y federaciones de m√©dicos especialistas rechazaron el anuncio del gobierno federal de contratar a m√©dicos de otro pa√≠s. Lo consideran ""una falta grave en contra de los profesionales de la salud de M√©xico"".",1
9,"_HASHTAG_ _HASHTAG_ se reunir√° en total con 12 mil agr√≥nomos y t√©cnicos, ‚Äúpara impulsar la campa√±a de sembrar para el autoconsumo en el pa√≠s‚Äù.Adelant√≥ que acudir√° a _HASHTAG_ Al pueblo seri le propondr√° no permitir la caza del _HASHTAG_",0
10,Limitar el acceso al aborto es malo para la econom√≠a; aqu√≠ las razones,1
11,‚ÄúNunca digas nunca‚Äù: Melania Trump se refiri√≥ a un segundo mandato como primera dama en la primera entrevista desde que dej√≥ la Casa Blanca,1
12,Elon Musk afirma que el equipo legal de Twitter le dijo que viol√≥ un acuerdo de confidencialidad,1
13,"Una nueva investigaci√≥n de la revista cient√≠fica Science Advances advierte que el cambio clim√°tico provocar√° que los oc√©anos ""pierdan su memoria"". Aqu√≠ te explicamos.",1
14,_HASHTAG_ Qu√© puede pasar si Finlandia se une a la OTAN,1
15,"C√≥mo sobrevivir al ataque de un caim√°n, o mejor a√∫n, evitarlo por completo",0
16,"Lo que sabemos sobre Payton Gendron, el sospechoso del tiroteo en el supermercado de Buffalo",1
17,La corte anul√≥ la prohibici√≥n de vender armas semiautom√°ticas a menores de 21 a√±os en California,1
18,Los cubanos est√°n llegando a Estados Unidos en cifras r√©cord. Los traficantes se aprovechan de su √©xodo,1
19,La escasez de f√≥rmula para bebes en EE.UU. preocupa a los padres. ¬øA qu√© se debe este desabastecimiento?,1
20,"""Un mamarracho dispuesto a colgarse de cualquier cosa por atenci√≥n"", escribi√≥ el secretario de Desarrollo Econ√≥mico de la Ciudad de M√©xico ""No est√°s en edad de hacer el rid√≠culo"", critica titular de Sedeco a Calder√≥n por festejo con ""Checo""",0
21,"El Presidente lleva a la ma√±anera un vapeador que dice se encontr√≥ y que cuesta 300 pesos: ""Es poner el tema sobre la mesa porque estoy seguro, me dejo de llamar Andr√©s Manuel, que la mayor√≠a de las madres y padres no saben del da√±o que ocasiona""",1
22,"_HASHTAG_ Ning√∫n m√©dico especialista se ha postulado para las 9,725 vacantes en localidades con menos de 200 mil habitantes, zonas rurales y comunidades ind√≠genas, inform√≥ _USER_ director del _USER_ Se remarc√≥ el severo d√©ficit de especialistas. (M√°s de 9 mil aspirantes a plazas m√©dicas; la mayor√≠a, para grandes ciudades)",1
23,"""Yo no soy Felipe Calder√≥n"": _HASHTAG_ asegura que el crimen organizado no gobierna el pa√≠s",1
24,"En Badiraguato, Sinaloa, fueron detenidas cuatro personas presuntamente involucradas en un ret√©n a reporteros que cubr√≠an la gira del presidente Andr√©s Manuel L√≥pez Obrador el pasado viernes. (Detienen a 4 presuntos implicados en ret√©n a periodistas en Sinaloa)",1
25,¬°Que no te agarre el SAT! Recomiendan dejar de hacerte transferencias bancarias entre tus propias cuentas,1
26,"Elizabeth Duval: ""He soportado much√≠simos m√°s comentarios asquerosos por ser lesbiana que por ser trans""",1
27,"El presidente, L√≥pez Obrador visitar√° este viernes el ""Triangulo Dorado"", zona de producci√≥n de narc√≥ticos y lugar de origen de ""El Chapo"" Guzm√°n üëá",0
28,"AMLO acusa a Felipe Calder√≥n de ""pactar"" con el crimen organizado y de ""haber permitido que ocurrieran masacres""",1
29,"_HASHTAG_ Los inconformes exigen a las autoridades la atenci√≥n pronta a sus peticiones que incluyen el cumplimiento de acuerdos de paz y la entrega de recursos p√∫blicos para sus comunidades (Instalan huelga de hambre 6 personas de comunidades de Oaxaca en oficinas de Segob, en CDMX)",1
30,El primer ministro brit√°nico podr√≠a ser objeto de una moci√≥n de censura en el Parlamento en las pr√≥ximas semanas debido al creciente descontento entre legisladores de su partido por el esc√°ndalo de las fiestas covid.,0
31,"_HASHTAG_ se debilita a baja presi√≥n remanente entre _HASHTAG_ y _HASHTAG_ Ocasionar√° precipitaciones fuertes en el sureste mexicano, inform√≥ la Conagua.",0
32,"üöí Las llamas consumieron una planta qu√≠mica en la ciudad de Omaha. Las autoridades instaron a evacuar a algunos residentes, aunque no se reportaron heridos.",0
33,"Familiares de cuatro j√≥venes que fueron desaparecidos por elementos de la _USER_ durante un operativo policiaco realizado el 25 de septiembre del 2015 en Coatzacoalcos, recibieron una disculpa p√∫blica del gobierno de _USER_",1
34,"""Los ucranios utilizar√°n estos sistemas para repeler los avances rusos en territorio ucraniano, pero no se utilizar√°n contra (el territorio de) Rusia. Confirma Biden que EU enviar√° misiles m√°s avanzados a Ucrania""",1
35,¬øQu√© ventajas e inconvenientes tendr√≠a el uso del Paxlovid contra el covid-19?,0
36,"El 98 por ciento de los menores de entre 10 y 15 a√±os se conecta a Internet de forma habitual, seg√∫n el estudio 'El uso de la tecnolog√≠a por los menores en Espa√±a' elaborado por el Observatorio Nacional de Tecnolog√≠a y Sociedad. El 48% de los padres usan aplicaciones de control parental para proteger a sus hijos en Internet",0
37,"Contra todo pron√≥stico, la divisa rusa se ha convertido en la moneda con mejor desempe√±o del mundo frente al d√≥lar",1
38,"Joe Biden quiere demostrar que se est√° encargando de la inflaci√≥n... al tiempo que muestra que alguien m√°s se est√° haciendo cargo. Biden se reunir√° este martes con el presidente de la Reserva Federal en una especie de pol√≠tica performativa que, casi con toda seguridad, no contribuir√° en nada a resolver la inflaci√≥n.",0
39,No cualquier abuelita se lanza en paraca√≠das ü™Ç. Mujer de 103 a√±os rompe record como la persona m√°s grande en saltar de paraca√≠das,0
40,"La Fiscal√≠a General del Estado de Puebla estableci√≥ que desde 2014, el socio del coordinador de la bancada morenista en la C√°mara de Diputados, Ignacio Mier, presuntamente habr√≠a adquirido bienes con recursos de procedencia il√≠cita",0
41,Europa proh√≠be parcialmente las importaciones de petr√≥leo ruso.,1
42,"Sheinbaum se re√∫ne con Delfina G√≥mez, Higinio Mart√≠nez y Horacio Duarte; ""juntos seguir√°n haciendo historia"", dice. La mandataria inform√≥ que tuvo una reuni√≥n ‚Äúcon tres grandes compa√±eros‚Äù",0
43,"El Hubble esp√≠a el coraz√≥n de una galaxia en espiral de gran dise√±o. Captur√≥ la imagen de una galaxia en espiral de gran dise√±o, la NGC 3631, distante 53 millones de a√±os luz de la Tierra.",0
44,"Luego que juez suspendi√≥ obras del Tramo 5 del Tren Maya, _USER_ dijo que no van a imponerse los intereses particulares y que no lo detendr√°n.",1
45,"Oscar Ch√°vez, Serrat, Los Tigres del Norte, Calle 13 e incluso Beatriz Guti√©rrez M√ºller forman parte del soundtrack de las conferencias matutinas que el presidente agrup√≥ en una lista de la plataforma musical.",0
46,"El senador Manuel Velasco acus√≥ al l√≠der del PRI, Alejandro Moreno, de violar su confianza al grabar una conversaci√≥n telef√≥nica que, asegura, fue desvirtuada porque ""en ning√∫n momento amenac√© a nadie"".",1
47,"""A partir del 1 de junio en Chile, quienes no cumplan con los requisitos obligatorios de vacunaci√≥n ver√°n bloqueado su pase de movilidad.""",1
48,"""El juicio entre Johnny Depp y Amber Heard est√° por llegar a su fin. Pero, ¬øc√≥mo podr√≠a afectar el veredicto a las fortunas de los actores?""",1
49,"""Para la OMS el consumo de tabaco es ""la principal epidemia prevenible a la que se enfrenta la comunidad sanitaria"". En el D√≠a Mundial Sin Tabaco te contamos cu√°les son los pa√≠ses que m√°s lo consumen seg√∫n el listado de la entidad.""",0
50,"""En Nicaragua, la justicia ratific√≥ la detenci√≥n preventiva del l√≠der opositor y expreso pol√≠tico Yubrank Suazo, quien se encontraba arrestado desde el 18 de mayo y fue presentado este martes en una audiencia inicial.""",0
51,"""David Banda, hijo de Madonna, opta por usar vestido largo para una salida con su madre. Una tarde de relax para los dos en Nueva York: ¬øqu√© piensas de esta tendencia en hombres?""",0
52,"""Falta menos de una semana para el inicio de la Cumbre de las Am√©ricas y hay una pregunta que todav√≠a no puede responderse completamente: ¬øqui√©nes asistieron?""",0
53,"""¬øPor qu√© Rusia podr√≠a cortar el gas natural a Dinamarca y a los Pa√≠ses Bajos?""",1
54,"""Si el candidato Rodolfo Hern√°ndez llegara a la presidencia de Colombia, tendr√≠a que enfrentar un gran reto: la gobernabilidad.""",0
55,"""La Asamblea Nacional de Nicaragua cancel√≥ este martes la personer√≠a jur√≠dica de 83 organizaciones de la sociedad civil, entre ellas la Academia Nicarag√ºense de la Lengua, fundada en 1928.""",0
56,"""Rusia ya utiliz√≥ misiles hipers√≥nicos en Ucrania, y China realiz√≥ pruebas exitosas, pero EE.UU. est√° rezagado de esta carrera armament√≠stica.""",1
57,"""""El candidato presidencial colombiano Gustavo Petro dijo que una denuncia admitida parcialmente a tr√°mite en Espa√±a por presunto secuestro de un periodista no tiene ""ni pies ni cabeza"" y neg√≥ conocer en persona a la v√≠ctima.""""",1
58,"""Tess Marie Mata, de 10 aÔøΩos, so√±aba con volverse viral en TikTok, pese a ser demasiado joven para tener una cuenta. Su vida se apag√≥ hace una semana, cuando un atacante abri√≥ fuego en su escuela en Uvalde, Texas. Ahora su familia quiere cumplir su anhelo.""",0
59,"Reconoce subsecretaria de SRE el talento mexicano durante gira por Europa. Las capitales que toc√≥ la gira fueron Bruselas, Par√≠s, Praga y Berl√≠n. En la capital alemana se reuni√≥ con funcionarios de alto nivel del ministerio de relaciones exteriores pues consider√≥ que era fundamental reunirse con autoridades del nuevo gobierno",0
